@id,@lat,@lon
234112056,-24.7190411,-53.6994634
234112518,-24.7237092,-53.6956257
234112522,-24.7277616,-53.6988688
234113197,-24.7300758,-53.6984332
234113916,-24.7269469,-53.6895922
234113917,-24.7316702,-53.6951547
234170640,-24.7407980,-53.6984609
234423634,-24.7290854,-53.6812262
234424089,-24.7341381,-53.6667492
234424091,-24.7367460,-53.6788353
234424565,-24.7342661,-53.6590683
234424566,-24.7347885,-53.6554655
234425354,-24.7378089,-53.6401364
234425356,-24.7393802,-53.6483452
234425697,-24.7356358,-53.6221040
234425698,-24.7350760,-53.6260528
234425700,-24.7370987,-53.6325213
234426539,-24.7358105,-53.6944413
234467276,-24.7400199,-53.6070324
234467279,-24.7372486,-53.5956068
234467281,-24.7419759,-53.6179348
234467286,-24.7412018,-53.6129892
234467288,-24.7416585,-53.5952257
234467291,-24.7404782,-53.6027040
234469246,-24.7401103,-53.5727693
234469247,-24.7401168,-53.5841738
234469248,-24.7351849,-53.5755478
234470114,-24.7340892,-53.5657162
234470115,-24.7332937,-53.5621586
234470116,-24.7302678,-53.5663702
234470118,-24.7330919,-53.5577606
234470122,-24.7352029,-53.5665932
234470123,-24.7325815,-53.5516352
234470128,-24.7305448,-53.5573812
234471421,-24.7398053,-53.5557427
234472137,-24.7408576,-53.5491555
234722529,-24.7163284,-53.6882233
234722534,-24.7148064,-53.6988913
235193828,-24.7217762,-53.6767114
235193829,-24.7245854,-53.6779566
235193830,-24.7155683,-53.6717192
235195591,-24.7101998,-53.6793389
235323626,-24.7257406,-53.6502944
235323630,-24.6989367,-53.6734049
235323639,-24.7262769,-53.6603977
235323645,-24.7234234,-53.6684581
235323654,-24.7204961,-53.6570160
235323663,-24.7198203,-53.6641690
235326124,-24.6911338,-53.6603434
235326125,-24.7061697,-53.6618397
235326126,-24.6966698,-53.6604957
235388724,-24.6848368,-53.6592840
235388725,-24.6856493,-53.6558099
235389013,-24.6831835,-53.6535368
235389468,-24.6771485,-53.6583746
235395967,-24.6789983,-53.6479612
235395968,-24.6772319,-53.6536824
235395970,-24.6788896,-53.6542550
235395971,-24.6830330,-53.6497233
235395972,-24.6826007,-53.6468270
235395973,-24.6828498,-53.6407284
235396348,-24.6719003,-53.6531018
235396349,-24.6727679,-53.6411567
235396350,-24.6713807,-53.6574853
235396352,-24.6749411,-53.6450278
235396353,-24.6837627,-53.6314304
235396354,-24.6783246,-53.6384371
235396356,-24.6647248,-53.6475595
235396589,-24.6636617,-53.6340681
235396590,-24.6537248,-53.6321490
235396591,-24.6553422,-53.6421156
235396618,-24.6650371,-53.6266441
235396645,-24.6737712,-53.6198464
235396646,-24.6738691,-53.6110902
235396647,-24.6751894,-53.6115358
235396649,-24.6688303,-53.6165307
235396651,-24.6669129,-53.6185737
235396987,-24.7027419,-53.5865359
235396988,-24.6859516,-53.5987947
235396989,-24.6919386,-53.5922432
235396990,-24.7123800,-53.5826637
235396993,-24.6791539,-53.6119374
235396997,-24.7084804,-53.5787880
235397012,-24.7157317,-53.5672889
235469511,-24.6876561,-53.6280523
235469513,-24.6835368,-53.6211865
235470041,-24.6875754,-53.6324595
235474063,-24.6881879,-53.5987888
235474066,-24.6913891,-53.6130993
235474069,-24.6952091,-53.6291011
235474087,-24.7024441,-53.6320110
235475693,-24.7036681,-53.6078509
235477225,-24.7042972,-53.5928111
235479622,-24.7202475,-53.6248189
235479623,-24.7151968,-53.6236083
235479624,-24.7263922,-53.6337799
235479626,-24.7114098,-53.6325751
235479627,-24.7281770,-53.6351185
235479628,-24.7105984,-53.6229991
235479630,-24.7273522,-53.6233569
235479632,-24.7225744,-53.6445719
235479633,-24.7057329,-53.6228186
235479635,-24.7200234,-53.6339465
235547195,-24.6941437,-53.6548574
235547196,-24.7070336,-53.6503929
235547203,-24.7085715,-53.6476814
235547206,-24.7014089,-53.6503647
235547210,-24.7063322,-53.6530389
235547770,-24.6943815,-53.6421036
235547771,-24.7079771,-53.6441021
235547775,-24.6924479,-53.6490579
235548040,-24.7016641,-53.6474140
235548801,-24.7199417,-53.6131266
235549160,-24.7272752,-53.5874204
235549161,-24.7303410,-53.5955726
235549162,-24.7163966,-53.6016632
235549165,-24.7203811,-53.5892061
235549167,-24.7198653,-53.6004004
235549498,-24.7254515,-53.5793442
235549500,-24.7303791,-53.5780684
235645796,-24.7245866,-53.5609820
235645810,-24.7216700,-53.5702402
235645817,-24.7281947,-53.5751793
235645823,-24.7164063,-53.5760899
235732488,-24.7077335,-53.6938441
235736557,-24.6733467,-53.6910553
235736559,-24.6679452,-53.6947224
235736560,-24.6797184,-53.6853089
235736561,-24.7013365,-53.6929574
235736563,-24.6944367,-53.6923803
235736565,-24.6990741,-53.6926993
235736567,-24.6847410,-53.6906656
235736569,-24.7035320,-53.6897596
235739346,-24.7031783,-53.6839221
235739348,-24.6949697,-53.6833187
235739350,-24.6913845,-53.6778238
235739353,-24.7078020,-53.6832420
235739355,-24.7014068,-53.6796283
235739358,-24.6934081,-53.6784897
235746648,-24.6782694,-53.6834731
235889111,-24.6895904,-53.6727506
235889118,-24.6968752,-53.6743270
235889121,-24.6781073,-53.6646492
235889130,-24.6863240,-53.6638545
235986061,-24.7089743,-53.7223855
235986074,-24.7069266,-53.7153339
248961668,-24.7093587,-53.5761636
249158077,-24.7274912,-53.6027416
251151032,-23.0558450,-54.1704350
251151036,-23.0554162,-54.1705189
251151038,-23.0559400,-54.1715600
254281185,-24.6808633,-53.6761845
254281677,-24.6645160,-53.6795477
254281825,-24.6682452,-53.6650997
254286567,-24.6658472,-53.6884388
254286583,-24.6669886,-53.6939991
254286584,-24.6650468,-53.6917989
254286585,-24.6635173,-53.6922699
254286586,-24.6633863,-53.6898714
254331197,-24.6630670,-53.6571208
254335394,-24.6386587,-53.6594403
254422966,-24.6257324,-53.6746290
254422974,-24.6146845,-53.6822918
254427801,-24.6566184,-53.6976844
254427949,-24.6418573,-53.7059033
254513882,-24.6329280,-53.7058638
254513889,-24.6295366,-53.6943803
254520473,-24.5815703,-53.7119891
254520479,-24.5814351,-53.7168078
254520491,-24.5865662,-53.7163701
254634405,-24.6103193,-53.6888762
254635621,-24.6347533,-53.6898171
254637498,-24.6456035,-53.6723340
254637511,-24.6500486,-53.6850882
254640127,-24.6558803,-53.6845988
254742690,-24.5276598,-53.7932320
254742694,-24.4933448,-53.8165519
254809263,-24.4877029,-53.8490081
254817049,-24.5651886,-53.7971845
255101104,-24.5484412,-53.7994199
255221265,-24.5157813,-53.8127976
255282384,-24.5075645,-53.8262894
255284767,-24.5348432,-53.7792877
255284771,-24.5417135,-53.7886631
255284776,-24.5551200,-53.7895756
255285755,-24.5685322,-53.7897409
255288028,-24.5661105,-53.7791153
255530188,-24.5688891,-53.7766767
255530191,-24.5737087,-53.7782107
255530580,-24.5556235,-53.7788330
255531312,-24.5633782,-53.7665511
255531577,-24.5571143,-53.7669281
255531586,-24.5718188,-53.7667309
255531915,-24.5674329,-53.7649177
255531961,-24.5590283,-53.7626029
255532419,-24.5527338,-53.7598376
255532693,-24.5592336,-53.7584963
255532748,-24.5652050,-53.7544905
255532799,-24.5732929,-53.7537058
255533152,-24.5598034,-53.7539450
255533185,-24.5598405,-53.7498120
255533195,-24.5563237,-53.7477648
255533203,-24.5572841,-53.7444105
255533206,-24.5666517,-53.7485364
255533293,-24.5721443,-53.7481581
255534396,-24.5610482,-53.7467609
255534397,-24.5673528,-53.7454224
255535961,-24.5716558,-53.7451482
255536510,-24.5664157,-53.7402446
255536680,-24.5816837,-53.7305549
255536843,-24.5806811,-53.7376727
255538198,-24.5845286,-53.7259052
255538258,-24.5918220,-53.7241406
255538491,-24.5892397,-53.7346101
255664916,-24.5612207,-53.8022263
255666096,-24.5722492,-53.8135889
255705489,-24.5242653,-53.8612688
255708598,-24.5701242,-53.8191714
255709208,-24.5316574,-53.8665109
255709270,-24.5288564,-53.8800401
255709390,-24.5386715,-53.8655460
255711794,-24.5588034,-53.9044018
255713652,-24.5432274,-53.8913670
255727559,-24.5568336,-53.8893033
255729190,-24.5560429,-53.8792339
255730577,-24.5632933,-53.8692774
255731080,-24.5449638,-53.8783913
255900807,-24.5144569,-53.9281665
255901340,-24.5216650,-53.9275954
255901894,-24.5338529,-53.9227485
255938352,-24.5205058,-53.9385960
256251300,-24.5083766,-53.9460147
256251301,-24.5177912,-53.9548286
256386141,-24.5074764,-53.9600483
256386171,-24.5152140,-53.9634677
256386174,-24.5194592,-53.9600995
256386309,-24.5219735,-53.9551347
256386392,-24.5276937,-53.9641663
256386394,-24.5272838,-53.9571382
256386633,-24.5323587,-53.9554002
256386944,-24.5329350,-53.9464646
256387003,-24.5420674,-53.9442044
256387050,-24.5400409,-53.9488359
256387053,-24.5471542,-53.9480898
256388079,-24.5310025,-53.9392160
256388142,-24.5353156,-53.9328786
256388143,-24.5387030,-53.9267887
256388157,-24.5438942,-53.9197619
256388518,-24.5505776,-53.9145551
256389398,-24.5544712,-53.9186986
256389480,-24.5474765,-53.9330565
256389847,-24.5602873,-53.9291382
256389979,-24.5621808,-53.9210320
256390507,-24.5588019,-53.9107145
256442943,-24.6098889,-53.9440467
256443141,-24.6056972,-53.9326475
256457060,-24.6089272,-53.9238899
256458262,-24.6113319,-53.9135338
257619875,-24.6037831,-53.9027643
258155927,-24.5935435,-53.9193324
258182774,-24.5892409,-53.9231038
258184519,-24.5814519,-53.9193159
258193326,-24.5706080,-53.9169586
258194061,-24.5715925,-53.9112649
258194103,-24.5655936,-53.9121925
260441035,-23.8673296,-52.5498957
260696291,-24.6289332,-53.8863019
263368280,-24.7041512,-53.7036882
263500547,-24.6923076,-53.7057423
263641712,-24.6999881,-53.7142535
263641973,-24.6947050,-53.7197226
263806307,-24.7239047,-53.7081803
263806358,-24.7279683,-53.7042736
264356607,-24.6672746,-53.7013416
264356879,-24.6710294,-53.7048958
264357359,-24.6743539,-53.7102163
264357539,-24.6716058,-53.7112137
264357554,-24.6640563,-53.7119074
264357576,-24.6701718,-53.7132173
264357649,-24.6556716,-53.7082650
264357671,-24.6610345,-53.7153822
264357747,-24.6500400,-53.7105530
264357804,-24.6430079,-53.7109667
264360643,-24.6971488,-53.7272088
264360662,-24.6923981,-53.7279869
264360810,-24.6870080,-53.7250789
264360862,-24.6804099,-53.7219398
264360959,-24.6793633,-53.7181575
264361180,-24.6707455,-53.7178337
264361464,-24.6777558,-53.7265465
264361560,-24.6894113,-53.7341076
264362248,-24.6857483,-53.7479104
264362263,-24.6844358,-53.7551080
264366150,-24.6734274,-53.7521744
264459859,-24.6583476,-53.7393699
264588970,-24.6767563,-53.7377747
264589593,-24.6698234,-53.7297332
264589970,-24.6680325,-53.7220405
264590195,-24.6582543,-53.7501475
264590571,-24.6417376,-53.7409677
269998194,-24.6572040,-53.7227878
295247885,-24.6829151,-53.7697850
295247977,-24.6694630,-53.7660886
295248629,-24.6764489,-53.7801042
295248798,-24.6722664,-53.7862901
295248910,-24.6695751,-53.8027698
295249536,-24.6575895,-53.7848852
295250264,-24.6524534,-53.7968781
295250265,-24.6535330,-53.7944176
295250266,-24.6618350,-53.7692071
295250282,-24.6636082,-53.7627698
295250283,-24.6654537,-53.7583084
297375713,-23.0789446,-52.4325353
297875195,-24.5830350,-53.9111335
297970245,-24.6555283,-53.8138018
297970252,-24.6569158,-53.8027721
298015508,-24.6441310,-53.8360498
298016028,-24.6266011,-53.8341432
298016029,-24.6292812,-53.8526544
298017248,-24.6200538,-53.8681198
298581561,-24.6041806,-53.8811730
298584047,-24.5895693,-53.8746998
298594801,-24.5826281,-53.8991156
298595604,-24.5868627,-53.8683218
298595777,-24.5777688,-53.8912496
298595778,-24.5743186,-53.8957376
298595779,-24.5749617,-53.9022022
298597196,-24.5737480,-53.8850815
298685175,-24.5680952,-53.8458757
298685363,-24.5841975,-53.8359818
299075487,-24.6063800,-53.8568813
299075504,-24.6045228,-53.8396523
299079111,-24.5960143,-53.8236275
299080034,-24.5865242,-53.8051805
299128698,-24.5823050,-53.8035908
299129769,-24.5854973,-53.7889480
299130653,-24.5849865,-53.7817974
299257315,-24.5948677,-53.7521012
299260488,-24.6064575,-53.7378937
299267499,-24.6358556,-53.7471526
299267760,-24.6358079,-53.7258353
299269128,-24.6270041,-53.7956531
299951233,-24.6417007,-53.8171916
300875749,-24.7321790,-53.8036774
300879919,-24.7283677,-53.7870126
301008936,-24.7241332,-53.8913085
302408260,-24.5659787,-53.9157077
302416118,-24.7135205,-53.7885395
302440126,-24.7001801,-53.7711799
302440129,-24.7013303,-53.7688216
302440130,-24.6952839,-53.7663410
302498407,-24.6853764,-53.7879675
302780339,-24.6699608,-53.8251851
302792224,-24.6592688,-53.8366810
302792732,-24.6434734,-53.8596144
302792827,-24.6447549,-53.8776115
302794380,-24.6409669,-53.8884678
302795817,-24.6364074,-53.9014099
303043325,-24.6329589,-53.9070870
303044529,-24.6206162,-53.9244022
303045581,-24.6174317,-53.9384210
303045726,-24.6197736,-53.9499376
303396915,-24.7114602,-53.8155242
303398679,-24.7082085,-53.8263814
303398916,-24.7047422,-53.8396257
303471724,-24.7022303,-53.8153810
303473515,-24.6895358,-53.8224041
303482141,-24.6828498,-53.8424045
303484371,-24.6943284,-53.8581960
303484959,-24.6809188,-53.8572451
303501967,-24.6952866,-53.8680385
303504118,-24.6942774,-53.8905731
303504567,-24.6804844,-53.9071363
303509907,-24.6633388,-53.9121885
303511246,-24.6507366,-53.9034278
303512686,-24.6388085,-53.9231776
303513510,-24.6599688,-53.8864906
303514130,-24.6710894,-53.8906643
303515757,-24.6705514,-53.8729854
303522741,-24.6654611,-53.8599710
303525473,-24.6487403,-53.9920763
303562637,-24.7017880,-53.8982262
303562949,-24.7046125,-53.9105371
303562951,-24.6915268,-53.9051630
303562954,-24.6815154,-53.9211666
303562955,-24.6939402,-53.9159436
303619735,-24.6909852,-53.9414066
303623325,-24.6741508,-53.9628647
303630982,-24.6713235,-53.9665656
303633179,-24.6756875,-53.9352629
303633483,-24.6669804,-53.9438528
303652578,-24.6471711,-53.9379407
304619554,-24.7283684,-53.7658670
316995149,-23.2761721,-52.4777934
343502114,-24.1717719,-53.7748615
343502130,-24.1795320,-53.7932784
343502133,-24.1700132,-53.7756730
343943226,-24.3377319,-53.8590668
343943227,-24.3255145,-53.8590904
343943228,-24.3233521,-53.8588642
343943229,-24.3199917,-53.8583899
343943232,-24.3164781,-53.8565402
343943234,-24.3136421,-53.8525578
343943235,-24.3092564,-53.8515510
344173967,-24.3041393,-53.8354041
344173968,-24.3060172,-53.8424394
344173969,-24.3032865,-53.8442627
345132963,-24.2996536,-53.8473173
345400325,-24.2734368,-53.8182059
345400326,-24.2659304,-53.8117389
345406152,-24.1886220,-53.7786891
347001972,-24.2944831,-53.8339953
352172971,-24.1686806,-53.7643933
353545602,-24.3232850,-53.8505395
355162143,-24.1273048,-53.9565383
355162870,-24.1607050,-53.9503402
360715945,-24.3275869,-53.7399404
363164127,-24.2629171,-53.8280977
363164133,-24.2642260,-53.8263380
364425458,-23.1094397,-52.3430884
364599083,-24.3230947,-53.7315937
370755480,-23.1256889,-52.3046610
370776096,-24.3653478,-53.8967593
377313921,-24.2927526,-53.9131804
379095919,-24.2621333,-53.7484709
381606238,-24.2041879,-53.7793994
382675538,-24.1895193,-53.8479600
383285075,-24.2740454,-53.9128101
390593193,-24.2579023,-53.9087179
398743596,-24.1750459,-53.7512846
404619373,-24.0393409,-52.7113660
404619374,-24.0356665,-52.7096655
406520565,-24.7102268,-53.7194372
406520642,-24.7121749,-53.7167502
406691320,-23.7339518,-53.2036489
406691863,-24.7079017,-53.7262901
406692484,-23.7256761,-53.2134755
406693655,-23.7256853,-53.1990136
441333229,-23.8757755,-53.9087987
443866891,-24.0011300,-53.7889265
447282090,-23.8760919,-53.4928611
456243869,-23.1251364,-52.5028145
456243870,-23.1264586,-52.5009424
456281207,-23.1225760,-52.5028870
457356552,-23.9751307,-53.1335796
458319254,-23.7441606,-53.2060742
458907959,-23.0550402,-52.4265831
458907960,-23.0505225,-52.4917231
458907961,-23.0509203,-52.4925059
458907962,-23.0515983,-52.4875787
458907963,-23.0494156,-52.4878978
458907964,-23.0506274,-52.4787931
458907965,-23.0499301,-52.4835741
458907966,-23.0500844,-52.4847616
458907967,-23.0398206,-52.4236867
458907968,-23.0379983,-52.4238182
458907969,-23.0361977,-52.4239486
458907970,-23.0338525,-52.4252568
458907971,-23.0468554,-52.4265825
458907972,-23.0445836,-52.4274946
458907973,-23.0426381,-52.4274905
458907974,-23.0412460,-52.4274870
458907975,-23.0404129,-52.4275608
458907976,-23.0393158,-52.4276124
458907977,-23.0380483,-52.4277123
458907978,-23.0349024,-52.4278622
458907979,-23.0369228,-52.4277867
458907980,-23.0427785,-52.4316150
458907982,-23.0396134,-52.4619270
458907983,-23.1215342,-52.4738514
458907984,-23.1276473,-52.4747486
458907985,-23.1269681,-52.4769487
458907986,-23.1240142,-52.4738222
458907988,-23.1231959,-52.4773011
458907990,-23.1224272,-52.4783803
458907991,-23.1251723,-52.4798716
458907993,-23.1081085,-52.5142284
458907996,-23.1042304,-52.5036140
458908001,-23.1022813,-52.5089566
458908003,-23.1059203,-52.5161327
458908004,-23.1084385,-52.5162679
458908005,-23.1062138,-52.5207837
458908006,-23.1027446,-52.5149737
458908007,-23.1023375,-52.5118999
458908008,-23.1030832,-52.5135575
458908009,-23.0929948,-52.5120785
458908010,-23.0971694,-52.5152074
458908011,-23.0969868,-52.5014443
458908012,-23.0958826,-52.5057905
458908013,-23.0952475,-52.5097423
458908014,-23.0946738,-52.5058576
458908015,-23.0903906,-52.5111599
458908016,-23.0920029,-52.5195178
458908017,-23.0886868,-52.5191797
458908019,-23.0901042,-52.5313375
458908020,-23.1212958,-52.4946362
458908021,-23.1123884,-52.4968957
458908023,-23.0927537,-52.5028431
458908024,-23.0889681,-52.5084248
458908025,-23.0936437,-52.4915954
458908026,-23.0931910,-52.4985428
458908027,-23.0915305,-52.4962870
458908029,-23.0786005,-52.4896749
458908030,-23.0744544,-52.4897556
458908031,-23.0805740,-52.4977174
458908032,-23.0736659,-52.4979785
458908033,-23.0751132,-52.5169542
458908034,-23.0710095,-52.5150202
458908035,-23.0839809,-52.5288515
458908036,-23.0801544,-52.5306429
458908038,-23.0829563,-52.5161143
458908039,-23.0803018,-52.5201087
458908040,-23.0824732,-52.5226917
458908041,-23.0794981,-52.5170490
458908042,-23.0772499,-52.5232255
458908043,-23.0768838,-52.5274373
458908044,-23.0740484,-52.5289514
458908045,-23.0735586,-52.5211334
458908046,-23.0732040,-52.5222981
458908047,-23.0718838,-52.5295744
458908048,-23.0710472,-52.5229364
458908049,-23.0700348,-52.5285370
458908050,-23.0705727,-52.5214409
458908051,-23.0633583,-52.5053674
458908052,-23.0536198,-52.4917311
458908054,-23.0565457,-52.4988422
458908055,-23.0590691,-52.5052339
458908056,-23.0631253,-52.5264750
458908057,-23.0628153,-52.5240765
458908058,-23.0702020,-52.5183299
458908059,-23.0677152,-52.5124956
458908060,-23.0692678,-52.5137192
458908061,-23.0684678,-52.5155281
458908062,-23.0680766,-52.5193712
458908063,-23.0657113,-52.5203918
458908064,-23.0749972,-52.4932860
458908065,-23.0734599,-52.4944713
458908066,-23.0710194,-52.4976319
458908067,-23.0816164,-52.5104562
458908068,-23.0783332,-52.5046241
458908069,-23.0819256,-52.5048196
458908070,-23.0756210,-52.5045401
458908071,-23.0783717,-52.5095690
458908072,-23.0699688,-52.5042941
458908073,-23.0728798,-52.5044210
458908074,-23.0738011,-52.5087493
458908075,-23.0698942,-52.5079611
458908076,-23.0909526,-52.4929705
458908077,-23.0861751,-52.4977203
458908078,-23.0876382,-52.5006164
458908079,-23.0822487,-52.5001115
458908080,-23.0791957,-52.5015624
458908081,-23.0873699,-52.5036910
458908082,-23.0863614,-52.5090551
458908083,-23.0552432,-52.4304428
458908084,-23.0568084,-52.4315839
458908085,-23.0563229,-52.4331100
458908086,-23.0605356,-52.4234520
458908087,-23.0603623,-52.4258083
458908088,-23.0630017,-52.4265582
458908089,-23.0604370,-52.4271729
458908090,-23.0624174,-52.4287631
458908091,-23.0359340,-52.4492401
458908092,-23.0355928,-52.4558571
458908093,-23.0354890,-52.4433081
458908094,-23.0436406,-52.4375088
458908095,-23.0448468,-52.4390439
458908096,-23.0453732,-52.4408871
458908097,-23.0466914,-52.4418206
458908098,-23.0486813,-52.4381285
458908099,-23.0490965,-52.4397582
458908100,-23.0430477,-52.4350575
458908101,-23.0505354,-52.4407427
458908103,-23.0474611,-52.4449192
458908104,-23.0419075,-52.4384181
458908105,-23.0392023,-52.4377060
458908106,-23.0592147,-52.4452886
458908107,-23.0587100,-52.4464788
458908108,-23.0583374,-52.4472794
458908109,-23.0580288,-52.4476596
458908111,-23.0910232,-52.4376258
458908112,-23.0926888,-52.4407731
458908113,-23.0913837,-52.4352450
458908114,-23.0838557,-52.4314336
458908115,-23.0809708,-52.4293281
458908116,-23.0827478,-52.4292557
458908117,-23.0915021,-52.4226460
458908118,-23.0917056,-52.4260447
458908119,-23.0928258,-52.4302943
458908120,-23.0858481,-52.4257406
458908121,-23.0826418,-52.4247596
458908122,-23.0810958,-52.4243124
458908123,-23.0799028,-52.4238242
458908124,-23.0781212,-52.4239261
458908125,-23.0765716,-52.4237880
458908126,-23.0745420,-52.4237974
458908127,-23.0395520,-52.4489880
458920812,-23.0651064,-52.4765244
458920813,-23.0631926,-52.4784368
458920814,-23.0570426,-52.4793892
458920815,-23.0651730,-52.4848241
458920816,-23.0641304,-52.4849461
458920817,-23.0632481,-52.4851510
458920818,-23.0607506,-52.5003849
458920819,-23.0649083,-52.4999150
458920820,-23.0659670,-52.4906846
458920821,-23.0675273,-52.4887575
458920822,-23.0675308,-52.4904499
458920823,-23.0669665,-52.4968035
458920824,-23.0653075,-52.4950259
458920825,-23.0657961,-52.4938131
458920826,-23.0651681,-52.4924945
458920827,-23.0657197,-52.4924187
458920828,-23.0666703,-52.4922775
458920829,-23.0678259,-52.4921013
458920830,-23.0647251,-52.5024454
458920831,-23.0876898,-52.4322571
458920832,-23.1043589,-52.4411698
458920834,-23.0954834,-52.4415597
458920835,-23.0968940,-52.4414277
458920836,-23.0966655,-52.4358601
458920837,-23.0992179,-52.4373629
458920838,-23.1019013,-52.4383092
458920839,-23.1008329,-52.4408670
458920840,-23.0993550,-52.4433360
458920841,-23.0975219,-52.4426470
458920842,-23.0989232,-52.4403165
458920843,-23.0976515,-52.4399024
458920845,-23.0963845,-52.4395018
458920847,-23.0955827,-52.4392470
458920848,-23.0945761,-52.4389506
458920850,-23.0957400,-52.4372058
458929539,-23.1118588,-52.4688382
458929540,-23.1112567,-52.4718390
458929541,-23.1095658,-52.4745776
458929542,-23.1085851,-52.4692528
458929543,-23.1113577,-52.4649480
458929544,-23.1267396,-52.4483305
458929545,-23.1248175,-52.4547431
458929546,-23.1272596,-52.4360147
458929547,-23.1276183,-52.4401759
458929548,-23.1232296,-52.4410966
458929549,-23.1181036,-52.4468275
458929550,-23.1145530,-52.4582204
458929551,-23.1161733,-52.4649491
458929552,-23.1096336,-52.4585531
458929555,-23.1045182,-52.4627404
458929556,-23.1193889,-52.4817968
458929557,-23.1288956,-52.4830896
458934726,-23.0896619,-52.4155995
458934729,-23.1146779,-52.4855137
458934730,-23.1119587,-52.4879703
458934731,-23.1149282,-52.4879387
458934732,-23.1187660,-52.4881989
458934733,-23.1264530,-52.4661780
458934734,-23.1251755,-52.4687828
458934735,-23.1279871,-52.4715925
458934736,-23.0776208,-52.4826745
458934737,-23.0759089,-52.4831123
458934738,-23.0731976,-52.4837310
458934739,-23.0783842,-52.4935483
461689446,-23.6578140,-53.2100581
466385083,-23.9349842,-53.7190185
476102709,-24.3284468,-53.9193139
476127655,-24.4050288,-53.7077465
491594141,-24.2983798,-53.7817301
492694654,-23.0941263,-52.4195640
492694657,-23.0955764,-52.3977486
492694658,-23.0936884,-52.4064454
492694659,-23.0929944,-52.4070607
492694660,-23.0941731,-52.3992491
492694661,-23.0924732,-52.4000645
492694662,-23.0938820,-52.4085664
492694663,-23.0940856,-52.4100406
492694664,-23.0942238,-52.4120415
492694665,-23.0943780,-52.4136154
492694666,-23.0945242,-52.4151582
492694667,-23.0944594,-52.4167331
492694668,-23.0850576,-52.4080672
492694669,-23.0866368,-52.4083357
492694670,-23.0876224,-52.4100532
492694671,-23.0886169,-52.4116461
492694672,-23.0897093,-52.4200282
492694673,-23.0894959,-52.4133741
492695322,-23.0611692,-52.4415406
495788305,-23.9788347,-53.1784082
495788307,-23.9783493,-53.1826579
502072003,-24.2221608,-53.7175523
509665780,-24.2149434,-53.3371387
563047861,-24.5929524,-53.7076979
563048386,-24.6054149,-53.7035393
563048387,-24.6119105,-53.7038166
565799543,-24.1662178,-53.7791922
571657176,-24.3162888,-53.9032493
572372353,-24.1551991,-53.7477967
572382168,-24.1900329,-53.7553823
576498700,-24.1645192,-53.1189488
595657892,-24.1189812,-54.1378077
599073862,-23.2833061,-53.6386195
610336792,-23.5191794,-53.7904182
610336803,-23.5153593,-53.8235181
628181667,-24.2713171,-52.6908647
630618311,-23.7376814,-53.2909534
635398019,-24.0391186,-52.2605852
635398021,-24.0431020,-52.2561053
635398022,-24.0350955,-52.2748006
635398023,-24.0382969,-52.2809591
640372183,-24.2917857,-53.8255154
641024480,-24.3675830,-53.8430495
641307745,-24.3479818,-53.8414804
641307746,-24.3420344,-53.8415776
641310426,-24.2372862,-53.8721832
641310430,-24.2583225,-53.8673555
641310434,-24.2744233,-53.8668288
641717943,-24.2614519,-53.8014255
641727396,-24.2173177,-53.7365458
641976883,-24.2880396,-53.8254133
641976885,-24.2841156,-53.8216314
641976886,-24.2882846,-53.8221406
645652589,-24.1883962,-53.9211080
645652591,-24.1860686,-53.9209713
645652592,-24.1846155,-53.9212239
645652593,-24.1821797,-53.9238225
645652594,-24.1824041,-53.9197293
645652595,-24.1859235,-53.9120176
645652596,-24.1840997,-53.9125104
645652599,-24.1822034,-53.9134087
645652600,-24.1792152,-53.9112935
645652601,-24.1783679,-53.9137173
645652602,-24.1735519,-53.9178136
645652603,-24.1767200,-53.9151907
645652604,-24.1701423,-53.9182042
645652605,-24.1696479,-53.9230222
645652606,-24.1754197,-53.9224344
645652607,-24.1852717,-53.9260276
645662998,-24.1879846,-53.9141707
645663000,-24.1920371,-53.9202353
648564925,-24.2834497,-53.7943796
648567310,-24.2602379,-53.8480553
648567311,-24.2566080,-53.8435183
648567312,-24.2588557,-53.8474273
648567313,-24.2552567,-53.8483556
648568250,-24.2733819,-53.8596868
648568252,-24.2727691,-53.8563779
648568254,-24.2698671,-53.8557930
648568255,-24.2708340,-53.8595774
648568256,-24.2632632,-53.8563522
648568258,-24.2655022,-53.8562446
648568259,-24.2676817,-53.8553653
648568260,-24.2643298,-53.8602812
648568262,-24.2602154,-53.8548002
650814533,-24.3744615,-53.9189592
653478617,-24.1457917,-53.9232736
653478618,-24.1537015,-53.9330471
653478619,-24.1398628,-53.9333034
653478620,-24.1328816,-53.9329519
655201999,-24.1980819,-53.9107168
655202000,-24.1901910,-53.9078226
655202001,-24.1940232,-53.9066286
655680705,-24.3915806,-54.1075077
656487495,-23.3672138,-53.6128207
657318353,-24.0164095,-52.8752659
657318354,-24.0128391,-52.8709522
657430071,-23.9710355,-52.8622532
658046187,-24.0392217,-52.2696648
658046188,-24.0372962,-52.2695742
658239976,-24.0705671,-52.2783193
659614718,-23.2629224,-53.1063058
659614719,-23.2666542,-53.1158763
661446688,-24.3205601,-53.7439952
663018045,-24.2009095,-53.7231986
663018053,-24.1593870,-53.7619159
663018055,-24.1603660,-53.7597192
663018062,-24.1631469,-53.7531705
663018064,-24.1577816,-53.7583834
663018074,-24.1697014,-53.7582939
663018079,-24.1617988,-53.7428589
663190967,-24.6621940,-52.3375998
663190969,-24.6576451,-52.3348101
664046425,-24.3078000,-52.4173266
664046426,-24.3102253,-52.4160358
664046427,-24.3067303,-52.4180835
664046428,-24.3171987,-52.4245866
664106906,-24.0479811,-52.2581523
664106908,-24.0575493,-52.2541196
664106910,-24.0577723,-52.2515342
665333180,-24.4435858,-53.8826568
665825434,-24.3863755,-53.8932287
665825435,-24.4004820,-53.8939409
665846032,-24.3719817,-53.8872765
665935529,-24.3776275,-53.8731888
665935530,-24.3714588,-53.8771255
665935532,-24.3739031,-53.8741026
666348787,-24.4518091,-53.8180642
666348792,-24.4334158,-53.8202136
666348793,-24.4337802,-53.8335603
666348796,-24.4354323,-53.8542253
666348797,-24.4349433,-53.8493485
667500100,-24.2091157,-53.7422835
667500104,-24.2128604,-53.7270078
667514436,-24.1932271,-53.7033592
667514437,-24.1854405,-53.7054286
671090216,-24.2942973,-53.8497930
671090224,-24.3000098,-53.8459531
671090225,-24.2985201,-53.8480591
671600423,-24.2666554,-53.8365068
671600428,-24.2624376,-53.8450919
671600429,-24.2693104,-53.8246694
671600430,-24.2688092,-53.8284867
671600431,-24.2663323,-53.8273115
671600434,-24.2659816,-53.8216776
671600437,-24.2689587,-53.8219498
671914639,-24.5777436,-53.9787754
671914640,-24.5745009,-53.9847075
671914656,-24.5832585,-53.9831707
671914677,-24.5836591,-53.9787083
671914683,-24.5834263,-53.9728430
671914684,-24.5775523,-53.9727970
671919572,-24.5623447,-53.9809465
671919575,-24.5623668,-53.9750442
671919576,-24.5669312,-53.9614802
671927470,-24.5789183,-53.9869976
671927477,-24.5768812,-53.9911937
671947686,-24.5508643,-53.9594807
672017605,-24.5610627,-53.9884864
672021153,-24.1961139,-53.7932816
672021154,-24.1993702,-53.7928843
672028636,-24.2053325,-53.7474722
672028637,-24.1981093,-53.7484659
672028638,-24.1952492,-53.7465508
672030345,-24.5738463,-53.9622598
672110138,-24.5806469,-53.9667822
672136133,-24.5989197,-53.9673925
672136145,-24.5910052,-53.9653963
672180696,-24.5661838,-53.9542069
672180707,-24.5575378,-53.9514120
672180729,-24.5471994,-53.9508727
672189843,-24.5938411,-53.9821156
672189863,-24.5941816,-53.9845537
672189876,-24.5852895,-53.9848520
672310503,-24.5627291,-53.9992353
672334518,-24.5549863,-53.9387464
672334519,-24.5560719,-53.9366010
672334520,-24.5588618,-53.9352453
672334521,-24.5600387,-53.9443759
672334536,-24.5524547,-53.9365619
672334537,-24.5510048,-53.9359537
672334542,-24.5679805,-53.9319553
672334557,-24.5681082,-53.9231523
672481616,-24.3310886,-53.9305075
673444169,-24.5861498,-53.9241303
673444170,-24.5811083,-53.9211191
673444171,-24.5730946,-53.9184032
673444172,-24.5908043,-53.9416235
674306597,-24.5202392,-53.9626470
674306598,-24.5188150,-53.9645996
674329472,-24.5340921,-54.0044410
675791312,-24.1895559,-53.7091984
675791313,-24.1942552,-53.7120946
675791314,-24.1962646,-53.7093244
675791315,-24.2013727,-53.7095913
675791316,-24.1988285,-53.7056096
675896175,-24.1950744,-53.7325350
675896176,-24.1952533,-53.7385134
675896177,-24.1898018,-53.7377197
677553203,-24.5220577,-53.9877397
677559483,-24.5367315,-53.9529783
677559581,-24.5013128,-54.0191323
677986164,-24.6035446,-53.9863499
680195768,-24.6182074,-53.9943566
680195787,-24.6239455,-53.9981962
681467424,-24.3239602,-52.5192316
681600217,-24.3162586,-52.5204131
684437542,-24.6421367,-53.9823030
686433943,-24.2102954,-53.7678548
686433948,-24.1963218,-53.7700379
686433950,-24.2109486,-53.7663791
686433951,-24.2110762,-53.7716200
686433952,-24.2053043,-53.7711489
686433953,-24.2070789,-53.7681439
686433955,-24.2048481,-53.7621036
686433956,-24.2020734,-53.7679526
686433957,-24.1991907,-53.7663358
686852012,-24.3465160,-53.7922532
686873590,-24.2185333,-53.7262477
686873595,-24.2206126,-53.7262346
689315054,-24.3145660,-53.8917066
691205194,-24.1547457,-53.9354468
691205195,-24.1584441,-53.9323369
691205199,-24.1580721,-53.9360467
691205200,-24.1578856,-53.9374034
695801347,-24.1613637,-53.9280995
695801361,-24.1577556,-53.9391138
695801377,-24.1457853,-53.9339206
695801393,-24.1373915,-53.9216901
698951968,-24.2816493,-53.8576640
698951969,-24.2820662,-53.8598467
698951970,-24.2754100,-53.8570449
698951981,-24.2748571,-53.8602068
698951982,-24.2752097,-53.8603007
698951983,-24.2766347,-53.8598540
698951984,-24.2777380,-53.8610109
698951985,-24.2791760,-53.8599551
698951986,-24.2642188,-53.8497501
698951999,-24.2796452,-53.8562840
698952001,-24.2767478,-53.8576607
698952002,-24.2748431,-53.8566113
699007860,-24.7032991,-53.7760758
704254368,-24.3194465,-52.3304169
704399499,-24.3849712,-52.2886485
704399500,-24.3842932,-52.2938427
705004282,-24.3325590,-52.5135792
705948346,-24.2634958,-53.9374583
705948347,-24.2607334,-53.9390262
705948348,-24.2584070,-53.9404518
706155836,-24.3254253,-53.8279458
722808470,-23.3190529,-52.3075002
722808531,-23.3179741,-52.3142662
724466077,-23.7423513,-52.6529123
738578687,-24.2167632,-53.6851730
738658491,-24.2157203,-53.7452616
739531726,-24.2142211,-53.7507340
740686488,-24.1401056,-53.9662803
740686489,-24.1403531,-53.9560678
754404184,-23.3243890,-52.2945512
772033157,-23.3076590,-52.3047154
775931068,-24.2788928,-53.7936209
775931069,-24.2785839,-53.7946223
776084953,-24.2233097,-53.7797566
776084954,-24.2199491,-53.7780927
776084955,-24.2135116,-53.7724385
776286243,-24.2345409,-53.7667290
776286244,-24.2358575,-53.7661421
776286245,-24.2347017,-53.7719477
776286246,-24.2325940,-53.7818340
776286247,-24.2347485,-53.7792379
776286249,-24.2335158,-53.7780205
776286250,-24.2311628,-53.7795131
776288520,-24.2555065,-53.7959081
776288521,-24.2553150,-53.7943057
779281680,-24.3131527,-53.8595587
779281685,-24.3150273,-53.8457410
779281686,-24.3133598,-53.8455516
779281687,-24.3088353,-53.8462593
779281688,-24.3114406,-53.8455329
779281692,-24.3079980,-53.8561519
779281693,-24.3103136,-53.8579366
779281694,-24.3158287,-53.8598789
779290039,-24.3845529,-53.9355420
779290040,-24.3771030,-53.9318803
779290041,-24.3736828,-53.9451356
779290043,-24.4365474,-53.9112461
779290044,-24.4412380,-53.9245150
779290047,-24.4459229,-53.9162871
780599022,-24.2124258,-53.7534643
780599026,-24.2138815,-53.7566826
780599027,-24.2087342,-53.7626212
783026223,-24.2060568,-53.7165423
783026224,-24.2030720,-53.7450555
783026225,-24.2022977,-53.7434247
783026226,-24.2029337,-53.7413045
783026228,-24.1906410,-53.7429520
783026229,-24.1833865,-53.7131895
783026230,-24.1831871,-53.7108511
783026231,-24.1839870,-53.7099922
783026232,-24.1894984,-53.7267581
783026233,-24.1897547,-53.7298420
783316557,-24.2160265,-53.7534955
783316558,-24.2055372,-53.7496562
783316559,-24.2035252,-53.7529038
783316560,-24.2050462,-53.7555692
783316563,-24.1998740,-53.7552303
783316564,-24.2037758,-53.7566439
783316567,-24.2020836,-53.7578805
783316568,-24.2057320,-53.7584827
783316569,-24.2067749,-53.7594469
783316570,-24.2088320,-53.7604002
783626912,-24.3740224,-53.8166415
783626913,-24.3836523,-53.8148294
783626914,-24.3812953,-53.8119539
783626915,-24.3825205,-53.8258013
783626916,-24.3858594,-53.8277886
783626917,-24.3801670,-53.8283609
783626918,-24.3808279,-53.8235852
783626919,-24.3752469,-53.8209009
783626920,-24.3745934,-53.8276648
783626921,-24.3741101,-53.8298712
783626922,-24.3726694,-53.8309254
783626923,-24.4207821,-53.8511186
783626924,-24.4207583,-53.8530889
783626925,-24.4207381,-53.8546841
783626926,-24.4234163,-53.8575335
783626927,-24.4206770,-53.8610380
783626928,-24.4221346,-53.8627091
783626929,-24.4266021,-53.8483183
783626930,-24.4265954,-53.8498634
783626931,-24.4281149,-53.8570295
783626932,-24.4291167,-53.8570907
783626933,-24.4302229,-53.8570914
783626934,-24.4324920,-53.8574803
783753762,-24.1931119,-54.1617709
783914181,-24.1978996,-53.7289748
783914186,-24.2006890,-53.7263363
783914187,-24.2043245,-53.7301597
783914188,-24.1977496,-53.7269366
783914189,-24.1971125,-53.7312680
783914190,-24.2035106,-53.7328380
783914191,-24.2013281,-53.7341939
783914192,-24.2018793,-53.7357475
783914193,-24.2021360,-53.7374837
785140957,-24.2716242,-53.7936718
785140984,-24.2762716,-53.7944993
785168965,-24.2659284,-53.8040661
785168972,-24.2678116,-53.7983016
785168975,-24.2667588,-53.8001496
785168978,-24.2647378,-53.8020634
785246971,-24.2570150,-53.7504079
785246989,-24.2746874,-53.7536239
785246990,-24.2750702,-53.7518822
785246994,-24.2674008,-53.7572007
785247034,-24.2723584,-53.7757319
785247039,-24.2596881,-53.7666464
785247067,-24.2624063,-53.7708906
785247072,-24.2753949,-53.7565748
785247077,-24.2727520,-53.7581093
785247080,-24.2709412,-53.7578707
785571804,-24.1913202,-53.8514499
785571805,-24.1956901,-53.8540131
785571810,-24.2215860,-53.8823213
785571835,-24.2630250,-53.8545835
785571836,-24.2631173,-53.8547446
785571841,-24.2777325,-53.8591667
785997538,-24.1894826,-53.8061388
787933304,-24.2102855,-53.8428140
799370052,-24.3213089,-53.8341863
799370053,-24.3246034,-53.8347803
799370056,-24.3273852,-53.8389794
799370057,-24.3230090,-53.8398962
799370058,-24.3188055,-53.8340123
799370059,-24.3188056,-53.8392530
799370060,-24.3167809,-53.8383285
799370062,-24.3108392,-53.8420986
799370063,-24.3135342,-53.8383305
835796302,-24.5268272,-54.0631689
840813172,-23.2340817,-52.4744415
840813173,-23.2321289,-52.4725753
840813174,-23.2308146,-52.4709606
842454869,-23.3277953,-52.3043677
849828904,-23.8518368,-53.8484493
863430894,-23.5099543,-53.8802075
863430895,-23.4951719,-53.8764848
863430899,-23.4554641,-53.8581845
863430900,-23.4634718,-53.8672381
897408436,-24.6295647,-53.6624341
899817473,-23.3415170,-52.6827713
912579399,-24.3869811,-53.8405796
912579400,-24.3856715,-53.8406883
912579401,-24.3849531,-53.8372722
912579402,-24.3823681,-53.8448834
912579403,-24.3828025,-53.8415164
912579404,-24.3827309,-53.8473657
912579405,-24.4051633,-53.9057004
912579406,-24.4023070,-53.9065646
912579407,-24.4158439,-53.8618522
912579408,-24.3730841,-53.8992430
912579409,-24.3750869,-53.9052947
912579410,-24.3741133,-53.9065298
912579411,-24.3787686,-53.8994756
912579412,-24.3805802,-53.8966473
912579413,-24.3763940,-53.8960256
912579414,-24.3872487,-53.8837351
912579415,-24.3824130,-53.8876477
912579416,-24.3847207,-53.8854537
912579417,-24.3769055,-53.9038611
912579418,-24.3707516,-53.9007685
912579419,-24.3785683,-53.8923990
914158098,-24.4410549,-53.8428113
914158099,-24.4401831,-53.8470686
914185264,-24.5392564,-53.7389902
914185265,-24.5377473,-53.7428381
914185266,-24.5441892,-53.7433688
914185268,-24.5468507,-53.7416185
914185269,-24.5430886,-53.7379339
914185270,-24.5368869,-53.7307972
914185271,-24.5381529,-53.7324954
914185272,-24.5403906,-53.7382207
914185273,-24.5396968,-53.7344901
914185274,-24.5415530,-53.7367487
914185275,-24.5438281,-53.7336601
914185276,-24.5738280,-53.7269311
914185277,-24.5534565,-53.7236317
914185278,-24.5530154,-53.7289505
914185279,-24.5480850,-53.7369190
914185280,-24.5486992,-53.7317390
914185281,-24.5496238,-53.7343227
914185282,-24.5562989,-53.7341573
914185283,-24.5606442,-53.7326946
914185284,-24.5623474,-53.7318545
914185285,-24.5666984,-53.7287269
914185286,-24.5648700,-53.7216116
914188709,-24.3905392,-53.8375434
914188710,-24.4026713,-53.8587624
914188711,-24.4062296,-53.8661513
914188712,-24.4084422,-53.8626546
914188713,-24.4088092,-53.8679720
917197341,-24.3860566,-53.8310980
917197342,-24.3796565,-53.8310574
917197343,-24.3798808,-53.8336149
917197344,-24.3828291,-53.8354657
917197345,-24.3905567,-53.8392511
917197346,-24.3921097,-53.8412654
917197347,-24.3866713,-53.8357547
917197348,-24.3925687,-53.8357236
917197349,-24.3926529,-53.8331539
917197350,-24.3878065,-53.8343734
917197351,-24.3914073,-53.8343294
917197352,-24.3837174,-53.8343201
917197353,-24.3849112,-53.8343883
917197354,-24.3876407,-53.8318250
917197355,-24.3930844,-53.8427616
917197356,-24.3937926,-53.8439760
917197357,-24.3945987,-53.8453125
917197358,-24.3955703,-53.8464906
917197359,-24.3920266,-53.8495550
917197360,-24.3936368,-53.8504603
917197361,-24.3899116,-53.8477539
917197362,-24.3888153,-53.8440454
917197363,-24.3891585,-53.8462700
917197364,-24.3955965,-53.8535660
917197365,-24.3945788,-53.8520514
917197366,-24.4014106,-53.8577939
917197367,-24.3990457,-53.8609802
917197368,-24.3994047,-53.8662310
917197369,-24.4009399,-53.8654344
917197370,-24.4027667,-53.8615597
917197372,-24.4115673,-53.8691161
917197373,-24.4123909,-53.8728971
917197374,-24.4178263,-53.8790349
917197375,-24.4178078,-53.8773595
917197376,-24.4159885,-53.8752219
917197377,-24.4159599,-53.8775697
917197378,-24.4142062,-53.8724804
917197379,-24.4160497,-53.8735672
917197380,-24.4161320,-53.8687039
917199624,-24.3850570,-53.8171935
917199625,-24.3740497,-53.8085485
917199626,-24.3844999,-53.8219115
917199627,-24.3828348,-53.8208446
917199628,-24.3839539,-53.8192609
917199629,-24.3786514,-53.8171240
917199630,-24.3804282,-53.8203398
917598964,-24.4078996,-53.8416345
917598965,-24.4080275,-53.8344752
917598966,-24.4101844,-53.8402015
917598967,-24.4100494,-53.8506839
917598969,-24.4087399,-53.8496597
917598970,-24.4078197,-53.8483157
917598971,-24.4056355,-53.8465080
917598972,-24.4053475,-53.8355031
917598973,-24.4006546,-53.8369132
917598974,-24.4006882,-53.8386973
917598975,-24.4027363,-53.8564064
917598976,-24.4020351,-53.8543521
917598977,-24.4001053,-53.8515405
917598978,-24.4441817,-53.8396029
917598979,-24.4450972,-53.8399493
917598980,-24.4456528,-53.8433808
917598981,-24.4439844,-53.8427912
917598982,-24.4526993,-53.8386867
917598984,-24.4469438,-53.8342775
917598985,-24.4419794,-53.8338423
917598986,-24.4419654,-53.8350710
917598987,-24.4435314,-53.8369573
917598988,-24.4461070,-53.8373020
917598989,-24.4412581,-53.8529595
920219700,-23.0325738,-52.6653155
920219702,-23.0272079,-52.6791477
920219703,-23.0250916,-52.6891194
920219704,-23.0395165,-52.6672669
920219705,-23.0383823,-52.6874242
920219706,-23.0217099,-52.6683513
921082096,-24.4018852,-53.8453326
921082097,-24.4006878,-53.8401681
921082098,-24.4029172,-53.8413736
921082099,-24.3995439,-53.8413132
921082100,-24.4005179,-53.8431487
921082101,-24.3946219,-53.8301524
921082102,-24.3966726,-53.8303095
921082103,-24.4005870,-53.8262701
921082104,-24.3985156,-53.8304021
921082105,-24.3986377,-53.8272451
921082106,-24.3967056,-53.8260930
921082107,-24.3946231,-53.8223206
921082108,-24.3903164,-53.8201762
921082110,-24.3907159,-53.8273876
921082111,-24.3905253,-53.8256880
921082112,-24.3904814,-53.8243202
921082113,-24.3906365,-53.8225579
925392221,-24.2187698,-53.7109392
925392229,-24.2357554,-53.7431868
925392233,-24.2349447,-53.7426930
925392234,-24.2340803,-53.7451310
925392236,-24.2329368,-53.7427588
925392240,-24.2329163,-53.7334511
925392260,-24.2050732,-53.7116513
925392262,-24.2032496,-53.7109373
925392265,-24.1990233,-53.7206991
925392270,-24.2045125,-53.7196282
925394673,-24.2011822,-53.7393632
925394674,-24.1996212,-53.7437929
925528356,-24.2413812,-53.8305496
925528357,-24.2405603,-53.8321811
925528361,-24.2433914,-53.8334646
925528373,-24.2085739,-53.7740328
925528383,-24.2088558,-53.7834802
925528417,-24.2113741,-53.7872799
925539500,-24.1824089,-53.7232343
925539501,-24.1831454,-53.7272483
925539512,-24.1900966,-53.7127127
925539513,-24.1811827,-53.7095655
925539514,-24.1817350,-53.7135880
925539530,-24.1910766,-53.6990275
925539533,-24.1937531,-53.6998643
925539534,-24.1969570,-53.7012484
925539535,-24.1966438,-53.6999730
925539544,-24.1864652,-53.7191884
925539548,-24.1945150,-53.7143267
925539549,-24.1908348,-53.7161372
925539550,-24.1838257,-53.7203148
925539552,-24.1846478,-53.7228838
925539553,-24.1842495,-53.7162352
925539554,-24.1887118,-53.7192017
925539555,-24.1872682,-53.7201559
925539556,-24.1920001,-53.7199049
925539557,-24.1896091,-53.7234210
925539562,-24.1903610,-53.7337561
925539565,-24.1874333,-53.7351096
926007819,-24.1711104,-53.8359414
931747774,-24.2620204,-53.8007157
931747789,-24.2569238,-53.7923770
931780438,-24.2511102,-53.8106288
940042429,-24.1573056,-52.6890886
947608272,-24.0159453,-52.9381129
951713264,-24.6947746,-53.7448198
958734753,-24.2962068,-54.0485099
967405078,-24.4216960,-52.4329671
967405775,-24.4224123,-52.4261999
967409451,-24.4105022,-52.4072220
991707007,-24.4174560,-53.7466818
991707008,-24.4176045,-53.7337011
1016737470,-23.7432326,-52.6442421
1035857334,-24.1661575,-53.9246349
1044319143,-24.2981968,-53.8255290
1044319145,-24.3004275,-53.8269837
1044319146,-24.2998646,-53.8267811
1119500616,-24.0376397,-52.2726653
1124674589,-24.3130933,-53.7378167
1125986301,-23.7307476,-52.2692531
1128001459,-24.2995346,-53.7779647
1128001461,-24.2963003,-53.7848554
1128202464,-24.3409097,-53.8540226
1132373376,-24.1933931,-53.0151137
1133037953,-24.1986791,-53.0195180
1133988874,-24.2068589,-53.0144436
1133988875,-24.2071781,-53.0204895
1134164966,-24.2078082,-53.0295945
1134693724,-24.2022566,-53.0375366
1134983607,-24.3158563,-53.8452826
1134983618,-24.3182124,-53.8459948
1134983624,-24.3208038,-53.8461505
1134983625,-24.3217742,-53.8458709
1134983626,-24.3233705,-53.8457795
1156952202,-24.2640716,-53.8958413
1156952204,-24.2651695,-53.8967096
1157101025,-24.2079394,-53.0402276
1159152760,-24.2863472,-53.8609843
1159152775,-24.2831877,-53.8591651
1159152778,-24.2836043,-53.8608103
1159152779,-24.2845049,-53.8602526
1159152788,-24.2899728,-53.8610313
1159378063,-24.2409640,-53.8602291
1159378064,-24.2418790,-53.8594246
1159378065,-24.2427917,-53.8598810
1159481106,-24.1978941,-53.7534575
1160432069,-24.2279914,-53.8781114
1160432073,-24.2300784,-53.8772924
1160432074,-24.2272276,-53.8774453
1160432110,-24.2136781,-53.8735387
1160848205,-24.3047487,-53.8476092
1162293125,-24.3420778,-53.8303958
1162786464,-24.3202159,-53.7493569
1162786471,-24.3183282,-53.7498452
1167663191,-24.7121020,-53.9410097
1167663192,-24.7118051,-53.9436690
1167663193,-24.7068104,-53.9407844
1167663194,-24.7246255,-53.9665141
1167663195,-24.7183340,-53.9506964
1167663196,-24.7147792,-53.9466391
1168960849,-24.2878503,-53.9041226
1168960866,-24.2704876,-53.9015903
1168960867,-24.2681713,-53.9004921
1175781660,-24.3684725,-53.8442318
1189918592,-23.6913052,-52.3492808
1201216735,-24.2613604,-53.8493858
1201216739,-24.2592806,-53.8506168
1201216740,-24.2583874,-53.8506695
1230091625,-24.2984820,-53.8271338
1230091626,-24.2957783,-53.8287265
1243280814,-24.4275329,-53.8613470
1243280815,-24.4264043,-53.8616538
1243280816,-24.4288940,-53.8610185
1243280819,-24.4323016,-53.8635100
1243280820,-24.4085508,-53.8814240
1243280821,-24.4114423,-53.8810630
1243280822,-24.4000780,-53.8773020
1243280823,-24.4024020,-53.8768956
1243280824,-24.4038981,-53.8740075
1243280825,-24.4068950,-53.8791314
1243280826,-24.4047046,-53.8769197
1243280827,-24.4120116,-53.8800526
1243280828,-24.4121064,-53.8772309
1243280829,-24.4114514,-53.8765475
1243280830,-24.4112143,-53.8753576
1243280831,-24.4105987,-53.8747031
1243280832,-24.4095846,-53.8742625
1243280833,-24.4084301,-53.8717378
1243280834,-24.4070832,-53.8703955
1243280835,-24.4060806,-53.8693559
1243280837,-24.4062379,-53.8720017
1243280838,-24.4155607,-53.8847194
1243280839,-24.4163425,-53.8825168
1243280840,-24.4181136,-53.8821868
1243280841,-24.4150749,-53.8785003
1244090473,-24.4075660,-53.8604683
1244090476,-24.4111302,-53.8638022
1244090488,-24.4121698,-53.8646733
1244090489,-24.4125575,-53.8637907
1246040458,-24.4030397,-53.8732613
1246040459,-24.4016338,-53.8706057
1246040471,-24.4045159,-53.8638730
1246040472,-24.4057705,-53.8590069
1246040473,-24.4037776,-53.8553466
1246040474,-24.3967362,-53.8483390
1246040475,-24.3980435,-53.8488883
1246040476,-24.3987094,-53.8496241
1246040477,-24.3983050,-53.8544999
1246040478,-24.3960713,-53.8567627
1246040479,-24.3972738,-53.8584500
1246040480,-24.3995881,-53.8560789
1246040481,-24.3992907,-53.8579279
1246040482,-24.3980457,-53.8668605
1246040483,-24.3961233,-53.8666303
1246040485,-24.3910190,-53.8664388
1246040486,-24.3889358,-53.8663357
1246040487,-24.3937482,-53.8666928
1246040488,-24.3962153,-53.8616994
1246040489,-24.3954330,-53.8599144
1246040490,-24.3917788,-53.8566624
1246040491,-24.3815281,-53.8593404
1246040492,-24.3832171,-53.8514366
1246040494,-24.3833705,-53.8531643
1246040495,-24.3827680,-53.8590909
1246040496,-24.3836673,-53.8588778
1246040498,-24.3847218,-53.8571158
1246040499,-24.3856582,-53.8569123
1246040500,-24.3847426,-53.8510407
1246040501,-24.3866401,-53.8511716
1246040502,-24.3871452,-53.8540374
1246040503,-24.3871221,-53.8584960
1246040504,-24.3814591,-53.8673655
1246040507,-24.3834918,-53.8664751
1246040508,-24.3871016,-53.8722445
1246040509,-24.3880693,-53.8703841
1246040510,-24.3870999,-53.8674699
1246040511,-24.3877771,-53.8625295
1246040515,-24.3861622,-53.8649204
1247592435,-24.4170444,-53.8534338
1247592436,-24.4170662,-53.8542236
1247592444,-24.4174976,-53.8554176
1247592446,-24.4144081,-53.8502548
1247592447,-24.4159470,-53.8526440
1247592448,-24.4159175,-53.8565806
1247592449,-24.4174550,-53.8581860
1247592451,-24.4139414,-53.8577469
1247592464,-24.4146863,-53.8413831
1247592466,-24.4136226,-53.8399122
1247592467,-24.4140339,-53.8417905
1247592468,-24.4150246,-53.8453378
1247592469,-24.4130617,-53.8453227
1247592470,-24.4144821,-53.8437649
1247592471,-24.4159864,-53.8473999
1247592476,-24.4119941,-53.8432152
1248789274,-24.4413325,-53.8397607
1248789282,-24.4366749,-53.8396372
1248789283,-24.4317278,-53.8403631
1248789288,-24.4340932,-53.8415660
1248789290,-24.4386374,-53.8437366
1248789292,-24.4384006,-53.8427480
1248789293,-24.4332580,-53.8426582
1248789302,-24.4306584,-53.8486531
1248789303,-24.4316904,-53.8499554
1248789309,-24.4337587,-53.8456046
1248789310,-24.4344171,-53.8469028
1248789311,-24.4234991,-53.8515325
1248789314,-24.4262003,-53.8435140
1248789315,-24.4261514,-53.8450804
1248789319,-24.4262934,-53.8514271
1248789320,-24.4259012,-53.8527559
1248789321,-24.4256632,-53.8546774
1248789322,-24.4250636,-53.8572409
1248789331,-24.4287012,-53.8519169
1248789332,-24.4268377,-53.8567619
1249043086,-24.4182227,-53.8382478
1249043087,-24.4178424,-53.8402861
1249043088,-24.4199916,-53.8391359
1249043089,-24.4213992,-53.8406860
1249043090,-24.4208407,-53.8414456
1249043091,-24.4207855,-53.8422240
1249043092,-24.4210775,-53.8430518
1249043094,-24.4218891,-53.8438493
1249043095,-24.4200490,-53.8438372
1249043096,-24.4212136,-53.8446386
1249043097,-24.4230202,-53.8380907
1249043098,-24.4236196,-53.8396154
1249043099,-24.4235967,-53.8406136
1249043101,-24.4235784,-53.8425726
1249043102,-24.4235653,-53.8445552
1249043103,-24.4235603,-53.8455547
1249043104,-24.4235513,-53.8470223
1249043105,-24.4207984,-53.8458261
1249043106,-24.4215826,-53.8478578
1249043107,-24.4213176,-53.8495313
1249043109,-24.4211462,-53.8562727
1249043110,-24.4206572,-53.8578336
1249043111,-24.4206467,-53.8594064
1249148944,-24.3937375,-53.8001199
1249148950,-24.3739674,-53.7962462
1249148951,-24.3729319,-53.8006934
1249148953,-24.3746152,-53.7997311
1249148955,-24.3740119,-53.7919579
1249148957,-24.3771281,-53.8023824
1249148959,-24.3775569,-53.7999636
1249148960,-24.3784001,-53.7957902
1249148962,-24.3759597,-53.7991898
1249148963,-24.3768106,-53.7944497
1249148964,-24.3711046,-53.7956849
1249148965,-24.3710281,-53.8008978
1249148966,-24.3796805,-53.7934781
1249148967,-24.3795946,-53.8005477
1249148968,-24.3810762,-53.7985770
1249148971,-24.3822709,-53.7990389
1249148972,-24.3832436,-53.8030301
1249148973,-24.3833039,-53.7960696
1249148974,-24.3845117,-53.8000225
1249148976,-24.3885226,-53.8042906
1249148977,-24.3910084,-53.7978903
1249148979,-24.3880526,-53.7979325
1249148981,-24.3967592,-53.8001779
1249148982,-24.3989167,-53.7969100
1249148983,-24.3980641,-53.8024696
1249148984,-24.4007023,-53.8016870
1249148986,-24.4241537,-53.8086194
1249148990,-24.4215835,-53.8065673
1249148993,-24.4141750,-53.8056861
1249148994,-24.4086212,-53.8051861
1249148995,-24.4102509,-53.8056643
1249148997,-24.4050446,-53.8028323
1249148998,-24.4100570,-53.7996767
1249148999,-24.4121056,-53.8058156
1249149000,-24.4179577,-53.8066659
1249149010,-24.4237898,-53.8162976
1249149013,-24.4238391,-53.8175985
1249457566,-24.3811873,-53.8170245
1249457574,-24.3862223,-53.8165176
1249457590,-24.3946427,-53.8255834
1249457593,-24.4015884,-53.8201426
1249457594,-24.3984004,-53.8184086
1249457595,-24.3957773,-53.8176575
1249457598,-24.3922231,-53.8178654
1249457599,-24.3903555,-53.8150706
1249457600,-24.3901931,-53.8117741
1249457601,-24.3918555,-53.8091656
1264101045,-24.4690185,-53.6808114
1264101046,-24.4691025,-53.6863793
1264101047,-24.4625606,-53.6817231
1264101048,-24.4625340,-53.6850600
1264101050,-24.4686387,-53.6914134
1264101051,-24.4643320,-53.6898148
1264101052,-24.4638513,-53.6948638
1264101053,-24.4598462,-53.6910934
1264101054,-24.4553751,-53.6910546
1264101055,-24.4584567,-53.6953502
1264101056,-24.4634409,-53.7029968
1264101058,-24.4512807,-53.7027035
1264101059,-24.4497681,-53.6955419
1264101060,-24.4553661,-53.6843930
1264101061,-24.4490272,-53.6850398
1264101062,-24.4404779,-53.6722243
1264101063,-24.4363851,-53.6722288
1264101064,-24.4575945,-53.6722125
1264101065,-24.4512814,-53.6722242
1264101066,-24.4459097,-53.6722330
1264101073,-24.4446486,-53.6836353
1264101075,-24.4416824,-53.6875329
1264101076,-24.4415207,-53.6904337
1264101077,-24.4442768,-53.6896048
1264101078,-24.4416281,-53.6836069
1264101080,-24.4127959,-53.6640505
1264101081,-24.4142674,-53.6640471
1264101082,-24.4156424,-53.6640402
1264101083,-24.4170921,-53.6644242
1264101084,-24.4195458,-53.6537153
1264101085,-24.4149841,-53.6605508
1264101086,-24.4182109,-53.6600142
1264101087,-24.4202635,-53.6591273
1264101088,-24.4223335,-53.6590914
1264101089,-24.4252291,-53.6640055
1264101090,-24.4210471,-53.6640091
1264101091,-24.4206875,-53.6645078
1264101092,-24.4202722,-53.6672760
1264101093,-24.4219678,-53.6695330
1264101094,-24.4237707,-53.6722548
1264101095,-24.4296601,-53.6722375
1264101096,-24.4350299,-53.6722288
1264101097,-24.4137701,-53.6720570
1264101098,-24.4201440,-53.6720172
1264101099,-24.4219789,-53.6724947
1264101100,-24.4205893,-53.6786132
1264101101,-24.4219648,-53.6777053
1264101102,-24.4256922,-53.6816616
1264101106,-24.4309868,-53.6834586
1264101107,-24.4368145,-53.6842185
1264216031,-24.4008556,-53.6447382
1264216035,-24.3981673,-53.6357850
1264216036,-24.4036213,-53.6407153
1264216037,-24.4024975,-53.6464386
1264216042,-24.4104719,-53.6298118
1264216044,-24.4092119,-53.6360431
1264216045,-24.4098884,-53.6327299
1264216046,-24.4070797,-53.6361710
1264216049,-24.4035295,-53.6292685
1264857167,-24.3755622,-53.6244419
1264857168,-24.3768163,-53.6196312
1264857169,-24.3777900,-53.6202621
1264857172,-24.3914247,-53.6295876
1264857173,-24.3886622,-53.6265604
1264857174,-24.3859857,-53.6214648
1264872277,-24.3911287,-53.6159804
1264872278,-24.3889157,-53.6141690
1264872279,-24.3858338,-53.6113886
1264872283,-24.3991201,-53.6154631
1264872292,-24.3933447,-53.6175736
1264872293,-24.3949709,-53.6193890
1264872294,-24.3965363,-53.6252373
1264872295,-24.3959860,-53.6233048
1264872296,-24.3957225,-53.6203105
1264977389,-24.3810798,-53.6077961
1264977391,-24.3784387,-53.6059653
1264977393,-24.3823815,-53.6085616
1264977395,-24.3836467,-53.6098075
1264977396,-24.3786157,-53.6026696
1264977400,-24.3664590,-53.6060485
1264977401,-24.3700330,-53.6172121
1264977402,-24.3742585,-53.6175504
1264977403,-24.3744236,-53.6052983
1265117820,-24.3583697,-53.6135202
1265117821,-24.3578020,-53.6118501
1265117822,-24.3587050,-53.6077089
1265117823,-24.3604223,-53.6138075
1265117824,-24.3617120,-53.6141247
1265117825,-24.3642021,-53.6157902
1265117826,-24.3665161,-53.6162166
1265500267,-24.4234335,-53.6562184
1265500268,-24.4227511,-53.6501924
1265500269,-24.4218613,-53.6488046
1265500270,-24.4217071,-53.6476100
1265500271,-24.4212099,-53.6449958
1265500272,-24.4352712,-53.6609100
1265500273,-24.4325886,-53.6618704
1265500274,-24.4323381,-53.6643399
1265500275,-24.4242872,-53.6525814
1265500276,-24.4277095,-53.6511078
1265500277,-24.4229061,-53.6519442
1265500279,-24.4280704,-53.6534753
1265500280,-24.4285675,-53.6552212
1265500281,-24.4299463,-53.6603785
1265500282,-24.4262741,-53.6581681
1265500283,-24.4260782,-53.6619351
1265500284,-24.4288951,-53.6626000
1265500285,-24.4297780,-53.6640041
1265500286,-24.4275394,-53.6645573
1265500287,-24.4268947,-53.6637016
1265500288,-24.3929550,-53.6428514
1265500298,-24.4136431,-53.6395701
1265500299,-24.4109027,-53.6404325
1265500301,-24.4130600,-53.6423950
1265500303,-24.4132249,-53.6509303
1265500304,-24.4126215,-53.6479052
1265500306,-24.4117703,-53.6449116
1265500307,-24.4174659,-53.6497617
1265500308,-24.4176687,-53.6471164
1265500309,-24.4177049,-53.6457142
1265500310,-24.4149078,-53.6471656
1265500311,-24.4140003,-53.6460593
1265500312,-24.4152916,-53.6438196
1265500313,-24.4010976,-53.6579697
1265500314,-24.4018649,-53.6569074
1265500315,-24.4051832,-53.6568506
1265500316,-24.4029561,-53.6570090
1265500317,-24.4036134,-53.6641317
1265500318,-24.4029005,-53.6608302
1265500319,-24.4054764,-53.6610145
1265500320,-24.4105832,-53.6640630
1265500321,-24.4079948,-53.6640682
1265500322,-24.4091081,-53.6640669
1265500323,-24.4071195,-53.6665798
1265500324,-24.4054398,-53.6640687
1265500325,-24.4062125,-53.6608877
1265500326,-24.4061815,-53.6640679
1265500327,-24.4068788,-53.6640661
1265500328,-24.4090405,-53.6608868
1265500329,-24.4098397,-53.6594980
1265500330,-24.4085967,-53.6566866
1265500331,-24.4092098,-53.6529946
1265500334,-24.4083165,-53.6476040
1265500335,-24.4086838,-53.6501846
1265500336,-24.4073533,-53.6518530
1265500337,-24.4059720,-53.6499194
1265500338,-24.4057824,-53.6531502
1265500339,-24.4033365,-53.6521422
1265500340,-24.4043340,-53.6539238
1265500341,-24.3956281,-53.6702462
1265500342,-24.3998269,-53.6703366
1265500343,-24.4022419,-53.6718413
1265500344,-24.4046811,-53.6717656
1265500347,-24.4067545,-53.6720868
1265551225,-24.3894647,-53.5722532
1265551227,-24.3853876,-53.5779647
1265551228,-24.3831109,-53.5803827
1265551230,-24.3692641,-53.5804020
1265551231,-24.3722334,-53.5810561
1265551232,-24.3714202,-53.5821234
1265551236,-24.3840006,-53.5863224
1265551237,-24.3829449,-53.5850305
1265551238,-24.3824302,-53.5869783
1265551240,-24.3805174,-53.5868042
1265551242,-24.3797476,-53.5862967
1265551243,-24.3762676,-53.5863554
1265551244,-24.3750314,-53.5814183
1265551245,-24.3788650,-53.5832087
1265551246,-24.3786563,-53.5792101
1265551247,-24.3764807,-53.5847936
1265551248,-24.3772297,-53.5796828
1265551249,-24.3655642,-53.5921555
1265551250,-24.3695978,-53.5937567
1265551251,-24.3739006,-53.5925223
1265551252,-24.3815989,-53.6002356
1265551256,-24.3838801,-53.5943487
1265551260,-24.3806973,-53.5926865
1265551261,-24.3807950,-53.5890964
1265551262,-24.3787147,-53.5919535
1265551263,-24.3758852,-53.5916013
1265551264,-24.3772790,-53.5916740
1265652927,-24.3931037,-53.5731734
1265652928,-24.3923263,-53.5676356
1265652929,-24.3950490,-53.5672800
1265652930,-24.3966899,-53.5656518
1265652931,-24.3977676,-53.5644946
1265652932,-24.4008358,-53.5610089
1265652933,-24.4010551,-53.5619633
1265652934,-24.4012005,-53.5626157
1265652935,-24.4016182,-53.5644680
1265652941,-24.3942639,-53.5472816
1265652942,-24.3946953,-53.5465576
1265652947,-24.3967231,-53.5478961
1265652948,-24.3943022,-53.5480070
1265652949,-24.3940038,-53.5498594
1265652950,-24.3941274,-53.5489416
1265652951,-24.3986035,-53.5501905
1265652952,-24.3963534,-53.5495605
1265652953,-24.3965721,-53.5486392
1265652954,-24.3988215,-53.5492834
1265652955,-24.3988614,-53.5608476
1265652956,-24.3999790,-53.5587285
1265652957,-24.4053422,-53.5541182
1265652958,-24.4035879,-53.5575880
1265652959,-24.4019738,-53.5462212
1265652960,-24.4015362,-53.5480678
1265652961,-24.4030856,-53.5514273
1265652962,-24.4011030,-53.5498997
1265652964,-24.4006659,-53.5517434
1265652965,-24.3983899,-53.5511071
1265652966,-24.3981692,-53.5521107
1265652967,-24.3961520,-53.5504769
1265652968,-24.3947919,-53.5549567
1265652969,-24.3955996,-53.5527711
1265652970,-24.3975074,-53.5547703
1265652971,-24.4003344,-53.5532200
1265652972,-24.4026782,-53.5532918
1265652973,-24.4024651,-53.5542024
1265652974,-24.4022531,-53.5551102
1265652975,-24.4000116,-53.5544740
1265652976,-24.4008072,-53.5560485
1265652977,-24.4005209,-53.5580135
1265652978,-24.3979498,-53.5529311
1265652979,-24.3947498,-53.5560379
1265652980,-24.3970171,-53.5563590
1265652981,-24.3910347,-53.5588535
1265652983,-24.3863554,-53.5683076
1265652984,-24.3855296,-53.5700350
1265652986,-24.3843844,-53.5717063
1265652987,-24.3809931,-53.5741780
1266081696,-24.4500014,-53.8437568
1266081697,-24.4518651,-53.8404796
1266081701,-24.4458682,-53.8471497
1266081703,-24.4460935,-53.8533482
1266081707,-24.4440024,-53.8536241
1266081708,-24.4428072,-53.8514069
1266081709,-24.4420091,-53.8465343
1266081710,-24.4405213,-53.8477137
1266081711,-24.4412133,-53.8459728
1266081712,-24.4437116,-53.8465592
1266081713,-24.4447618,-53.8532464
1267094658,-24.4463607,-53.8267551
1267094659,-24.4482293,-53.8275353
1267094664,-24.4496933,-53.8282386
1267094667,-24.4517769,-53.8287578
1267094676,-24.4431378,-53.8326434
1267094677,-24.4482294,-53.8321645
1267094678,-24.4407182,-53.8300260
1267094679,-24.4427432,-53.8300772
1267094682,-24.4443699,-53.8301066
1267094683,-24.4468767,-53.8301465
1267094685,-24.4494909,-53.8301913
1267094686,-24.4515429,-53.8302131
1267120292,-24.4520880,-53.8571417
1267120293,-24.4521083,-53.8557648
1267120296,-24.4498489,-53.8547746
1267120297,-24.4498993,-53.8500034
1267120298,-24.4521315,-53.8486666
1267120299,-24.4520581,-53.8515752
1267120300,-24.4474591,-53.8480870
1267120301,-24.4483867,-53.8483023
1267120302,-24.4482978,-53.8508065
1267120307,-24.4478105,-53.8520431
1267120308,-24.4482756,-53.8555395
1267120309,-24.4473072,-53.8555493
1267120316,-24.4423885,-53.8256280
1267120317,-24.4449397,-53.8253127
1267120318,-24.4437493,-53.8260164
1267120321,-24.4407511,-53.8249237
1270359305,-24.3703140,-53.7830667
1270359308,-24.3725143,-53.7820405
1270359309,-24.3749180,-53.7817708
1270359310,-24.3765538,-53.7817055
1270359313,-24.3782057,-53.7801856
1270359314,-24.3781556,-53.7861223
1270359321,-24.3798089,-53.7823985
1270359325,-24.3803296,-53.7871681
1270359326,-24.3828004,-53.7853535
1270359327,-24.3850794,-53.7860593
1270359328,-24.3875206,-53.7876919
1270359329,-24.3895019,-53.7885887
1270359330,-24.3911414,-53.7861284
1270359333,-24.3910895,-53.7916660
1270359336,-24.3927366,-53.7868631
1270359337,-24.3926848,-53.7922668
1270359339,-24.3951610,-53.7901405
1270359340,-24.3973339,-53.7909963
1270359341,-24.3988992,-53.7911056
1270359342,-24.4034074,-53.7910205
1270622583,-24.3713425,-53.7576230
1270622585,-24.3811230,-53.7388568
1270622591,-24.3816567,-53.7332512
1270622595,-24.3852136,-53.7356489
1270622598,-24.3839030,-53.7356101
1270622605,-24.3781178,-53.7444970
1270622606,-24.3781040,-53.7494207
1270622607,-24.3787431,-53.7519001
1270622622,-24.3779421,-53.7363718
1270622623,-24.3755426,-53.7360568
1270622626,-24.3732966,-53.7360412
1270622628,-24.3732452,-53.7465943
1270622629,-24.3708724,-53.7362083
1270622630,-24.3708770,-53.7455610
1272271806,-24.4147508,-53.7334744
1278586011,-24.4806601,-53.7984799
1278586012,-24.4825594,-53.7985774
1278586013,-24.4829506,-53.8009973
1278586014,-24.4822727,-53.8070074
1278586015,-24.4827331,-53.8045905
1278586016,-24.4796118,-53.8042881
1278586017,-24.4513004,-53.8064729
1278586019,-24.4632322,-53.7948369
1278586020,-24.4618923,-53.7953536
1278586021,-24.4620143,-53.8022996
1278586022,-24.4634218,-53.8147617
1278586023,-24.4728815,-53.8132265
1278586024,-24.4705657,-53.8078312
1278586025,-24.4723929,-53.8069327
1278586026,-24.4748541,-53.8051306
1278586027,-24.4693468,-53.7943638
1278586028,-24.4667004,-53.7972339
1278586029,-24.4705477,-53.8018017
1278586030,-24.4775812,-53.8015444
1278586031,-24.4736661,-53.7947447
1278586032,-24.4735941,-53.7994860
1279405750,-24.2634881,-53.9362554
1279405764,-24.2402744,-53.9416846
1279405765,-24.2408290,-53.9432398
1280031411,-24.2050518,-53.9217704
1281176016,-23.7862612,-53.3090480
1288698111,-24.1921286,-53.7438190
1288698113,-24.1897993,-53.7458316
1288698123,-24.2005338,-53.7414586
1303711574,-24.1731853,-53.9125985
1303711577,-24.1749814,-53.9161895
1303716667,-24.1705073,-53.9141209
1304752531,-24.2619652,-53.8498745
1304752548,-24.2791862,-53.8578605
1312469862,-24.2629137,-53.8328212
1312603042,-24.2689137,-53.8304447
1315733511,-24.2980820,-53.8384519
1315733516,-24.3048023,-53.8355548
1315733526,-24.3108445,-53.8349285
1317139367,-24.1892291,-53.9242115
1319865414,-24.6442637,-52.7606524
1319868721,-24.6480707,-52.7620989
1319891823,-24.6481662,-52.7578664
1319980385,-24.6441326,-52.7552426
1319980860,-24.6473456,-52.7662572
1319981344,-24.6410069,-52.7585177
1319981536,-24.6410458,-52.7626333
1319981984,-24.6438682,-52.7499284
1319981985,-24.6447759,-52.7522743
1319982371,-24.6461053,-52.7730210
1326047876,-24.3043234,-53.7307033
1326255317,-24.2050404,-53.8440481
1328889538,-24.4599570,-53.2568170
1330141494,-24.1897064,-53.7954461
1336809728,-24.2123303,-53.8455191
1336959467,-24.1820882,-53.7811391
1342670404,-24.4618318,-53.8248795
1342670405,-24.4655732,-53.8199838
1342670406,-24.4665684,-53.8176443
1342670407,-24.4682685,-53.8165156
1342670411,-24.4706610,-53.8170299
1342670412,-24.4675410,-53.8136119
1344797878,-24.2134126,-53.7550947
1344797884,-24.2086118,-53.7316819
1344797885,-24.2101335,-53.7277251
1360772521,-24.6387661,-52.8144048
1360896178,-24.6391963,-52.8130381
1360899213,-24.6399594,-52.8107476
1361752520,-23.9818646,-54.0465708
1361752521,-23.9540717,-54.0097349
1361942450,-23.8742207,-53.9141062
1361942452,-23.8630965,-53.9362989
1361942453,-23.8637473,-53.9374765
1361942454,-23.8672523,-53.9548241
1361942456,-23.8686090,-53.9532453
1361943311,-23.8595309,-53.9477650
1361943312,-23.8603778,-53.9502717
1361943313,-23.8667469,-53.9449701
1361943314,-23.8657040,-53.9369882
1361943315,-23.8621086,-53.9380482
1361943316,-23.8685727,-53.9371325
1361959285,-23.8724932,-53.8847462
1361959289,-23.8730642,-53.8852146
1361959291,-23.8752492,-53.8807326
1361959306,-23.8790940,-53.8849100
1361959307,-23.8826147,-53.8856138
1361959313,-23.8840821,-53.8842735
1361959371,-23.8809283,-53.8954801
1361970783,-23.8815035,-53.8950613
1362580599,-23.8879636,-53.8834896
1362580609,-23.8898764,-53.8823630
1362580611,-23.8884684,-53.8796244
1362602718,-23.8773664,-53.8769043
1362606317,-23.8791099,-53.8779100
1362606321,-23.8812832,-53.8783332
1362606324,-23.8835928,-53.8792653
1362606330,-23.8851759,-53.8782930
1362606331,-23.8838946,-53.8768233
1362606336,-23.8842090,-53.8759326
1362606338,-23.8858709,-53.8762876
1362606343,-23.8835544,-53.8756441
1362631004,-23.8862252,-53.8747788
1362631005,-23.8850241,-53.8734312
1362631006,-23.8847036,-53.8742475
1362631015,-23.8864432,-53.8692099
1362631022,-23.8856136,-53.8671007
1362631023,-23.8845734,-53.8684637
1362631025,-23.8830114,-53.8694026
1362633520,-23.8751647,-53.8721391
1362635503,-23.8691023,-53.8699758
1362635504,-23.8709048,-53.8706425
1362637124,-23.8754422,-53.8588486
1362639949,-23.8859431,-53.8592498
1362639950,-23.8860672,-53.8584685
1362639952,-23.8876623,-53.8592625
1362668831,-23.8913435,-53.8498495
1362668833,-23.8813553,-53.8562082
1362668834,-23.8805980,-53.8551933
1362668835,-23.8824253,-53.8501195
1362668841,-23.8799894,-53.8475797
1362668848,-23.8708290,-53.8545388
1362668851,-23.8661878,-53.8605579
1362668853,-23.8668018,-53.8586189
1362668863,-23.8648714,-53.8524928
1362674831,-23.8638349,-53.8421401
1364352627,-24.0194366,-53.1060274
1364352628,-24.0161921,-53.1047036
1364352629,-24.0153232,-53.1094638
1364352630,-24.0122453,-53.1046772
1364352631,-24.0071656,-53.1052323
1364352632,-24.0064661,-53.1087146
1364352633,-24.0090017,-53.1078018
1371912197,-24.5798303,-53.5443105
1371912198,-24.5807142,-53.5380410
1371912199,-24.5810921,-53.5524012
1371912200,-24.5831465,-53.5466112
1371912201,-24.5868167,-53.5419958
1371912202,-24.5883730,-53.5397521
1371912203,-24.5938454,-53.5387739
1371912204,-24.5769432,-53.5513645
1371912205,-24.5748294,-53.5576625
1371912206,-24.5743004,-53.5618833
1371912207,-24.5790281,-53.5557733
1371912208,-24.5774782,-53.5605052
1371912216,-24.5762076,-53.5317630
1371912217,-24.5805557,-53.5345494
1372041745,-24.5761021,-53.5445899
1372042227,-24.5808633,-53.5565750
1372043707,-24.5841219,-53.5579463
1372043708,-24.5848270,-53.5565995
1372043709,-24.5868445,-53.5538143
1372045028,-24.5690929,-53.5535166
1372045029,-24.5702458,-53.5522519
1372045032,-24.5718370,-53.5444003
1372045531,-24.5727012,-53.5335709
1372045532,-24.5725010,-53.5385813
1372045960,-24.5895423,-53.5513560
1372045961,-24.5907080,-53.5499891
1372045962,-24.5920080,-53.5486491
1372045963,-24.5944629,-53.5451329
1383958721,-23.1390856,-53.0275775
1383958722,-23.1382338,-53.0232800
1383958723,-23.1376655,-53.0191044
1383958724,-23.1334943,-53.0183731
1383958725,-23.1318656,-53.0208079
1383959248,-23.1532023,-53.0336255
1425685685,-24.2816804,-53.8635206
1425685686,-24.2834963,-53.8634553
1425685687,-24.2860169,-53.8626710
1425685688,-24.2882233,-53.8635732
1425685689,-24.2823292,-53.8687303
1425685690,-24.2852859,-53.8687509
1425685691,-24.2879557,-53.8687415
1425685692,-24.2897571,-53.8705201
1434069097,-23.9242126,-53.9364810
1442245194,-23.8676106,-53.8791128
1442245195,-23.8652119,-53.8781516
1442245199,-23.8602649,-53.8811183
1442245200,-23.8655403,-53.8729948
1442245205,-23.8410746,-53.8819027
1442245207,-23.8385236,-53.8833817
1442245210,-23.8394818,-53.8755134
1442245211,-23.8411275,-53.8750847
1442245225,-23.8709426,-53.8770498
1442245227,-23.8696547,-53.8772565
1442246230,-23.8550500,-53.8398454
1442918239,-23.9238230,-54.0076123
1442918246,-23.9199959,-53.9921894
1442918250,-23.9011433,-53.9727107
1442920067,-23.9163708,-54.0140722
1442920068,-23.9085434,-54.0026142
1442920072,-23.9027494,-53.9906347
1443036118,-23.8750524,-53.9696816
1443709682,-23.8440329,-53.8489242
1443709684,-23.8371573,-53.8485948
1443709735,-23.8336907,-53.8404671
1443965109,-23.8706407,-53.9555985
1443965222,-23.8785221,-53.9836865
1443965224,-23.8757463,-53.9995514
1443965226,-23.8726374,-53.9974035
1443965228,-23.8716823,-53.9947404
1443965229,-23.8665191,-53.9923200
1443965230,-23.8659128,-53.9901641
1443965231,-23.8626358,-53.9906501
1443965234,-23.8606219,-53.9769889
1443965235,-23.8626274,-53.9838112
1443965236,-23.8574244,-53.9817224
1443965238,-23.8544360,-53.9847358
1443965241,-23.8548980,-53.9907694
1443965243,-23.8506747,-53.9892249
1443965244,-23.8494464,-53.9868316
1443965245,-23.8468479,-53.9870677
1443965246,-23.8447686,-53.9859377
1443965250,-23.8470679,-53.9822715
1443965251,-23.8779315,-53.9941274
1443965253,-23.8687720,-53.9835681
1443970123,-23.8475336,-53.9709131
1443970126,-23.8515691,-53.9623486
1443970127,-23.8585015,-53.9597567
1443970128,-23.8582610,-53.9571627
1443970132,-23.8685066,-53.9353478
1445795432,-23.8789499,-53.8944149
1456150342,-24.6382688,-52.8117894
1456150343,-24.6371998,-52.8061463
1456150344,-24.6324957,-52.8140293
1456150352,-24.6295585,-52.8082840
1456150353,-24.6375009,-52.8155723
1456150354,-24.6357292,-52.8133754
1460126219,-24.6703207,-53.7919414
1463518954,-24.7015756,-53.7820896
1524357244,-23.8719941,-53.8777600
